{"cameraMode":{"drawMode":2,"name":"Shaded Wireframe","section":"Shading Mode"},"sceneLighting":true,"audioPlay":false,"sceneViewState":{"showFog":false,"showMaterialUpdate":false,"showSkybox":false,"showFlares":false,"showImageEffects":false,"showParticleSystems":false},"in2DMode":false,"pivot":{"x":-3.613816499710083,"y":-5.514113903045654,"z":-1.8328899145126343},"rotation":{"x":-0.273272305727005,"y":-0.2094094604253769,"z":0.06108177825808525,"w":-0.9368801116943359},"size":48.34003448486328,"orthographic":false}