{"cameraMode":{"drawMode":0,"name":"Shaded","section":"Shading Mode"},"sceneLighting":false,"audioPlay":false,"sceneViewState":{"showFog":false,"showMaterialUpdate":false,"showSkybox":false,"showFlares":false,"showImageEffects":false,"showParticleSystems":false},"in2DMode":false,"pivot":{"x":0.019291162490844728,"y":1.316209316253662,"z":0.0018796920776367188},"rotation":{"x":-0.1304183006286621,"y":-0.017254207283258439,"z":0.0022680412512272598,"w":-0.9913133978843689},"size":6.721880912780762,"orthographic":false}