{"cameraMode":{"drawMode":0,"name":"Shaded","section":"Shading Mode"},"sceneLighting":false,"audioPlay":false,"sceneViewState":{"showFog":false,"showMaterialUpdate":false,"showSkybox":false,"showFlares":false,"showImageEffects":false,"showParticleSystems":false},"in2DMode":false,"pivot":{"x":3.3085289001464845,"y":-2.6305956840515138,"z":-2.5564799308776857},"rotation":{"x":-0.1304183006286621,"y":-0.017254207283258439,"z":0.0022680412512272598,"w":-0.9913133978843689},"size":4.409790515899658,"orthographic":false}