{"cameraMode":{"drawMode":31,"name":"Sprite Mask","section":"Miscellaneous"},"sceneLighting":true,"audioPlay":false,"sceneViewState":{"showFog":true,"showMaterialUpdate":true,"showSkybox":true,"showFlares":true,"showImageEffects":true,"showParticleSystems":true},"in2DMode":false,"pivot":{"x":-38.74052810668945,"y":17.05643081665039,"z":48.09745788574219},"rotation":{"x":0.17514106631278993,"y":0.4983348846435547,"z":-0.10356088727712631,"w":0.8427740335464478},"size":66.0855712890625,"orthographic":true}