{"cameraMode":{"drawMode":31,"name":"Sprite Mask","section":"Miscellaneous"},"sceneLighting":true,"audioPlay":false,"sceneViewState":{"showFog":true,"showMaterialUpdate":false,"showSkybox":true,"showFlares":true,"showImageEffects":true,"showParticleSystems":true},"in2DMode":false,"pivot":{"x":5.519999980926514,"y":5.400000095367432,"z":3.2739999294281008},"rotation":{"x":0.23286287486553193,"y":0.4778446853160858,"z":-0.1330193430185318,"w":0.8365115523338318},"size":2.8578836917877199,"orthographic":false}